player,position,team
Kylian Mbappé,AT,Real Madrid
Mohamed Salah,AT,Liverpool
Robert Lewandowski,AT,Barcelona
Harry Kane,AT,Bayern Munich
Mateo Retegui,AT,Atalanta
Alexander Isak,AT,Newcastle Utd
Erling Haaland,AT,Manchester City
Ousmane Dembélé,AT,Paris S-G
Serhou Guirassy,AT,Dortmund
Patrik Schick,AT,Leverkusen
Mason Greenwood,AT.LT,Marseille
Ante Budimir,AT,Osasuna
Chris Wood,AT,Nott'ham Forest
Alexander Sørloth,AT,Atlético Madrid
Bryan Mbeumo,AT,Brentford
Ayoze Pérez,AT,Villarreal
Yoane Wissa,AT,Brentford
Moise Kean,AT,Fiorentina
Raphinha,AT.LT,Barcelona
Jonathan Burkardt,AT,Mainz 05
Arnaud Kalimuendo,AT.LT,Rennes
Julián Álvarez,AT,Atlético Madrid
Jonathan David,AT,Lille
Tim Kleindienst,AT,Gladbach
Ollie Watkins,AT,Aston Villa
Riccardo Orsolini,AT,Bologna
Alexandre Lacazette,AT,Lyon
Cole Palmer,LT.AT,Chelsea
Hugo Ekitike,AT,Eint Frankfurt
Oihan Sancet,LT,Athletic Club
Matheus Cunha,LT.AT,Wolves
Ermedin Demirović,AT,Stuttgart
Ademola Lookman,LT.AT,Atalanta
Emanuel Emegha,AT,Strasbourg
Marcus Thuram,AT,Inter
Jean-Philippe Mateta,AT,Crystal Palace
Romelu Lukaku,AT,Napoli
Bradley Barcola,AT,Paris S-G
Jørgen Strand Larsen,AT,Wolves
Benjamin Šeško,AT.LT,RB Leipzig
Kiké,AT,Alavés
Ludovic Ajorque,AT,Brest
Jarrod Bowen,AT.LT,West Ham
Luis Díaz,AT,Liverpool
Nick Woltemade,AT.LT,Stuttgart
Artem Dovbyk,AT,Roma
Lucas Stassin,AT,Saint-Étienne
Scott McTominay,LT,Napoli
Justin Kluivert,LT,Bournemouth
Javi Puado,AT.LT,Espanyol
Lautaro Martínez,AT,Inter
Liam Delap,AT,Ipswich Town
Jamal Musiala,LT,Bayern Munich
Lorenzo Lucca,AT,Udinese
Evann Guessand,AT.LT,Nice
Raúl Jiménez,AT,Fulham
Michael Olise,AT.LT,Bayern Munich
Christian Pulisic,AT.LT,Milan
Vinicius Júnior,AT,Real Madrid
Gaëtan Laborde,AT,Nice
Dodi Lukebakio,AT,Sevilla
Keito Nakamura,AT.LT,Reims
Nikola Krstović,AT,Lecce
Antoine Semenyo,AT,Bournemouth
Hugo Duro,AT,Valencia
Brennan Johnson,AT,Tottenham
Thierno Barry,AT,Villarreal
Alassane Pléa,LT.AT,Gladbach
Shuto Machino,AT.LT,Holstein Kiel
Leroy Sané,AT,Bayern Munich
Andrej Kramarić,LT.AT,Hoffenheim
Borja Iglesias,AT,Celta Vigo
Kevin Schade,AT,Brentford
Paul Nebel,LT,Mainz 05
Danny Welbeck,AT,Brighton
Abdoulaye Touré,LT,Le Havre
Andrey Santos,LT,Strasbourg
Andrea Pinamonti,AT,Genoa
Xavi Simons,LT,RB Leipzig
Dušan Vlahović,AT,Juventus
Dani Olmo,LT.AT,Barcelona
Evanilson,AT,Bournemouth
Fábio Silva,AT,Las Palmas
Cody Gakpo,AT,Liverpool
Mohamed Amoura,AT,Wolfsburg
Ritsu Doan,AT.LT,Freiburg
Nicolas Jackson,AT,Chelsea
Roberto Piccoli,AT,Cagliari
Kaoru Mitoma,AT.LT,Brighton
Tijjani Reijnders,LT,Milan
Gaëtan Perrin,LT.AT,Auxerre
Florian Wirtz,LT.AT,Leverkusen
Valentín Castellanos,AT,Lazio
Hamed Junior Traorè,LT,Auxerre
Gonçalo Ramos,AT,Paris S-G
João Pedro,AT.LT,Brighton
Jens Stage,LT,Werder Bremen
Iago Aspas,AT.LT,Celta Vigo
Mauro Arambarri,LT,Getafe
Alexis Claude-Maurice,LT.AT,Augsburg
Boulaye Dia,LT.AT,Lazio
Esteban Lepaul,AT,Angers
Adrien Rabiot,LT,Marseille
Tomáš Souček,LT,West Ham
Dominic Solanke,AT,Tottenham
Mikel Oyarzabal,AT,Real Sociedad
Deniz Undav,AT.LT,Stuttgart
Matthis Abline,AT,Nantes
Zuriko Davitashvili,AT.LT,Saint-Étienne
Jude Bellingham,LT,Real Madrid
Loïs Openda,AT.LT,RB Leipzig
Isco,LT,Betis
Iliman Ndiaye,AT,Everton
James Maddison,LT,Tottenham
Harvey Barnes,AT,Newcastle Utd
Jamie Vardy,AT,Leicester City
Sandro Ramírez,AT.LT,Las Palmas
Che Adams,AT,Torino
Lamine Yamal,AT,Barcelona
Kai Havertz,AT.LT,Arsenal
Jonas Wind,AT.LT,Wolfsburg
Alex Iwobi,AT.LT,Fulham
Benedict Hollerbach,AT.LT,Union Berlin
Gabriel Martinelli,AT.LT,Arsenal
Florian Thauvin,AT.LT,Udinese
Vincenzo Grifo,AT.LT,Freiburg
Eberechi Eze,LT.AT,Crystal Palace
Adam Hložek,AT.LT,Hoffenheim
Dani Raba,AT.LT,Leganés
Dan Ndoye,AT,Bologna
Diego López,LT.AT,Valencia
Giovani Lo Celso,LT.AT,Betis
Sebastiano Esposito,AT.LT,Empoli
Ismaila Sarr,LT,Crystal Palace
Jamie Gittens,AT.LT,Dortmund
Jacob Murphy,AT,Newcastle Utd
Bruno Fernandes,LT,Manchester Utd
Santiago Castro,AT,Bologna
Leandro Trossard,AT,Arsenal
Beto,AT,Everton
Mattia Zaccagni,AT,Lazio
Maximilian Beier,AT.LT,Dortmund
Rayan Cherki,AT.LT,Lyon
Marvin Ducksch,AT,Werder Bremen
Phil Harres,AT,Holstein Kiel
Neil El Aynaoui,LT,Lens
Morgan Rogers,AT.LT,Aston Villa
Moses Simon,AT.LT,Nantes
Amad Diallo,LT.AT,Manchester Utd
Rafael Leão,AT,Milan
Antoine Griezmann,AT.LT,Atlético Madrid
Denzel Dumfries,ZG.AT,Inter
Vedat Muriqi,AT,Mallorca
Abdallah Sima,AT.LT,Brest
Dango Ouattara,AT,Bournemouth
Serge Gnabry,AT.LT,Bayern Munich
Marvin Pieringer,AT.LT,Heidenheim
Samuel Essende,AT,Augsburg
Karim Adeyemi,AT.LT,Dortmund
Phil Foden,LT.AT,Manchester City
Phillip Tietz,AT,Augsburg
Nadiem Amiri,LT,Mainz 05
Mikel Merino,LT.AT,Arsenal
Son Heung-min,AT,Tottenham
Morgan Gibbs-White,LT,Nott'ham Forest
Charles De Ketelaere,LT.AT,Atalanta
Gorka Guruzeta,AT,Athletic Club
Patrick Cutrone,AT,Como
Noni Madueke,AT,Chelsea
Cyle Larin,AT,Mallorca
Corentin Tolisso,LT,Lyon
Marius Bülter,AT.ZG,Hoffenheim
Lee Jae-sung,LT,Mainz 05
Luis Henrique,ZG.AT,Marseille
Dejan Kulusevski,LT.AT,Tottenham
Alexis Saelemaekers,ZG.AT,Roma
Zakaria Aboukhlal,LT.AT,Toulouse
Alex Baena,LT.AT,Villarreal
Kenan Yıldız,AT.LT,Juventus
Eliesse Ben Seghir,LT.AT,Monaco
Dilane Bakwa,LT.ZG,Strasbourg
Álex Berenguer,AT.LT,Athletic Club
Diogo Jota,AT,Liverpool
Enzo Fernández,LT,Chelsea
Emile Smith Rowe,LT,Fulham
Jorge de Frutos,AT.LT,Rayo Vallecano
Joshua King,AT.LT,Toulouse
M'Bala Nzola,AT,Lens
Sebastian Nanasi,LT.AT,Strasbourg
Iñaki Williams,AT,Athletic Club
Takumi Minamino,LT.AT,Monaco
Enzo Millot,LT.AT,Stuttgart
Federico Valverde,LT.ZG,Real Madrid
Désiré Doué,AT.LT,Paris S-G
Yankuba Minteh,AT.LT,Brighton
Casper Tengstedt,AT,Hellas Verona
Harry Wilson,AT.LT,Fulham
Anthony Elanga,AT.LT,Nott'ham Forest
Nicolás Paz,LT.AT,Como
Fermin López,LT.AT,Barcelona
Joel Pohjanpalo,AT,Venezia
Jens Odgaard,LT.AT,Bologna
Nadir Zortea,ZG.LT,Cagliari
Breel Embolo,AT.LT,Monaco
Bukayo Saka,AT.LT,Arsenal
Lorenzo Colombo,AT.LT,Empoli
Mateo Kovačić,LT,Manchester City
Rodrygo,AT.LT,Real Madrid
Dominik Szoboszlai,LT,Liverpool
Denis Zakaria,LT,Monaco
Romain Del Castillo,AT,Brest
Ludovic Blas,LT.AT,Rennes
Lucas Höler,AT.LT,Freiburg
Lee Kang-in,AT.LT,Paris S-G
Jubal,ZG,Auxerre
Himad Abdelli,LT.AT,Angers
Ange-Yoan Bonny,AT,Parma
Albert Guðmundsson,AT.LT,Fiorentina
Tiago Tomás,AT.LT,Wolfsburg
Alberto Moleiro,AT.LT,Las Palmas
Alejandro Garnacho,LT.AT,Manchester Utd
Steven Skrzybski,LT.AT,Holstein Kiel
Morgan Guilavogui,AT.LT,St. Pauli
Anthony Gordon,AT.LT,Newcastle Utd
Paulo Dybala,AT.LT,Roma
Gabriel Strefezza,AT.LT,Como
Andre-Frank Zambo Anguissa,LT,Napoli
Facundo Buonanotte,AT.LT,Leicester City
Vincent Sierro,LT,Toulouse
Aimar Oroz,LT,Osasuna
Bruno Guimarães,LT,Newcastle Utd
Callum Hudson-Odoi,AT.LT,Nott'ham Forest
Carlos Vicente,AT.LT,Alavés
Mitchell Weiser,ZG.LT,Werder Bremen
Jeremie Frimpong,ZG.LT,Leverkusen
Joan Jordán,LT,Alavés
Jack Hinshelwood,LT.ZG,Brighton
Hakan Çalhanoğlu,LT,Inter
Hákon Arnar Haraldsson,LT.AT,Lille
Christian Nørgaard,LT,Brentford
Georginio Rutter,LT.AT,Brighton
Timothy Weah,ZG.AT,Juventus
Nikola Milenković,ZG,Nott'ham Forest
Nikola Vlašić,LT.AT,Torino
Frank Magri,AT.LT,Toulouse
Nico Williams,AT,Athletic Club
Tom Bischof,LT.AT,Hoffenheim
Takefusa Kubo,LT.AT,Real Sociedad
Mohammed Kudus,AT.LT,West Ham
Issa Soumaré,AT.LT,Le Havre
Joško Gvardiol,ZG,Manchester City
Lassine Sinayoko,AT.LT,Auxerre
Kingsley Coman,AT,Bayern Munich
Juan Cruz,AT.LT,Leganés
Julian Brandt,LT,Dortmund
Rasmus Kristensen,ZG,Eint Frankfurt
Romano Schmid,LT,Werder Bremen
Rubén García,AT.LT,Osasuna
Mathias Honsak,AT.ZG,Heidenheim
Ali Abdi,ZG.LT,Nice
Armin Gigovic,LT,Holstein Kiel
Matìas Soulé,LT.ZG,Roma
Borja Mayoral,AT,Getafe
Matúš Bero,LT,Bochum
Jordan Ayew,AT.LT,Leicester City
Mahdi Camara,LT.AT,Brest
Alexis Mac Allister,LT,Liverpool
Robin Gosens,ZG,Fiorentina
Mamadou Sylla,AT.LT,Valladolid
Marc Cucurella,ZG,Chelsea
Malick Fofana,AT,Lyon
Lucas Beltrán,AT.LT,Fiorentina
Maghnes Akliouche,AT.LT,Monaco
Alfon,AT.LT,Celta Vigo
Vitinha,LT,Paris S-G
Lukas Kübler,ZG,Freiburg
Luis Rioja,LT.AT,Valencia
Willi Orban,ZG,RB Leipzig
Dany Mota,AT.LT,Monza
Yann Gboho,LT.AT,Toulouse
Dennis Man,AT.LT,Parma
Álvaro García,AT.LT,Rayo Vallecano
Achraf Hakimi,ZG,Paris S-G
Oumar Diakité,AT,Reims
Pablo Durán,AT.LT,Celta Vigo
Éderson,LT,Atalanta
Óscar Mingueza,LT.ZG,Celta Vigo
Enrico Del Prato,ZG,Parma
Robin Hack,AT.LT,Gladbach
Rolando Mandragora,LT,Fiorentina
Daniel Muñoz,ZG,Crystal Palace
Daniel Vivian,ZG,Athletic Club
Adrian Beck,LT.AT,Heidenheim
Fabian Schär,ZG,Newcastle Utd
Fabián Ruiz Peña,LT,Paris S-G
Federico Dimarco,ZG.AT,Inter
Felix Nmecha,LT,Dortmund
Khéphren Thuram,LT,Juventus
Bafodé Diakité,ZG,Lille
Leandro Cabrera,ZG,Espanyol
Leon Goretzka,LT.ZG,Bayern Munich
Lucas Paquetá,LT.AT,West Ham
Pedri,LT,Barcelona
André Ayew,AT,Le Havre
Félix Lemaréchal,LT.AT,Strasbourg
Theo Hernández,ZG,Milan
Thilo Kehrer,ZG,Monaco
Thomas Partey,LT.ZG,Arsenal
Sammie Szmodics,AT.LT,Ipswich Town
Kevin De Bruyne,LT.AT,Manchester City
Ansgar Knauff,LT.ZG,Eint Frankfurt
Pape Gueye,LT,Villarreal
Pathé Ciss,LT.ZG,Rayo Vallecano
Gustav Isaksen,AT,Lazio
Habib Diarra,LT.AT,Strasbourg
Christantus Uche,AT.LT,Getafe
Hans Nicolussi Caviglia,LT,Venezia
Hugo Álvarez,LT.ZG,Celta Vigo
Simon Sohm,LT,Parma
Stephy Mavididi,AT,Leicester City
Marten de Roon,LT.ZG,Atalanta
Raphaël Guerreiro,ZG.LT,Bayern Munich
Rasmus Højlund,AT,Manchester Utd
Rayan Aït-Nouri,ZG,Wolves
Raúl Moro,LT.AT,Valladolid
Neal Maupay,AT,Marseille
Isaac Palazón Camacho,LT.AT,Rayo Vallecano
Isaac Romero,AT,Sevilla
Brahim Díaz,AT.LT,Real Madrid
Josué Casimir,AT.LT,Le Havre
Bernardo Silva,LT.AT,Manchester City
Juanlu Sánchez,LT.ZG,Sevilla
Junya Ito,AT.LT,Reims
Pedro Neto,AT,Chelsea
Amin Sarr,AT,Hellas Verona
Jacopo Fazzini,LT,Empoli
Jan Schöppner,LT,Heidenheim
Bryan Cristante,LT,Roma
Joelinton,LT.AT,Newcastle Utd
Sandro Tonali,LT,Newcastle Utd
Santi Comesaña,LT,Villarreal
Santiago Pierotti,AT,Lecce
Matias Fernandez-Pardo,AT.LT,Lille
Yeremi Pino,LT.AT,Villarreal
Abel Ruiz,AT,Girona
Douglas,LT,Nantes
Dwight McNeil,LT.AT,Everton
Dani Rodríguez,LT.AT,Mallorca
Vitor Roque,AT,Betis
Adam Marušić,ZG,Lazio
Yacine Adli,LT,Fiorentina
Yangel Herrera,LT,Girona
Davide Zappacosta,ZG,Atalanta
Declan Rice,LT,Arsenal
Yaser Asprilla,AT.LT,Girona
Yann Aurel Bisseck,ZG,Inter
Dean Huijsen,ZG,Bournemouth
Danilo Cataldi,LT,Fiorentina
Virgil van Dijk,ZG,Liverpool
Dominic Calvert-Lewin,AT,Everton
Oliver McBurnie,AT,Las Palmas
Daniel Maldini,LT.AT,Monza
Jon Guridi,LT.AT,Alavés
Johnny Cardoso,LT,Betis
Johannes Eggestein,AT,St. Pauli
Johan Vásquez,ZG,Genoa
Jofre,LT.AT,Espanyol
Seydouba Cissé,LT,Leganés
Mattias Svanberg,LT,Wolfsburg
Matteo Politano,AT.LT,Napoli
Matteo Darmian,ZG,Inter
Matteo Cancellieri,AT.LT,Parma
Martin Ødegaard,LT,Arsenal
Martin Valjent,ZG,Mallorca
Sergio Camello,AT,Rayo Vallecano
Selim Amallah,LT,Valladolid
Joe Aribo,LT.ZG,Southampton
Bryan Gil,AT.LT,Girona
Joakim Mæhle,ZG,Wolfsburg
Jeremy Doku,AT.LT,Manchester City
Jeong Woo-yeong,LT.AT,Union Berlin
Javier Guerra,LT,Valencia
Javi Rodríguez,ZG,Celta Vigo
Jadon Sancho,AT,Chelsea
Amadou Onana,LT,Aston Villa
Philipp Hofmann,AT,Bochum
Arda Güler,LT.AT,Real Madrid
Antonio Nusa,LT.ZG,RB Leipzig
Maximilian Arnold,LT,Wolfsburg
Julian Chabot,ZG,Stuttgart
Juanmi Latasa,AT,Valladolid
João Neves,LT.ZG,Paris S-G
João Gomes,LT,Wolves
Joshua Kimmich,LT,Bayern Munich
Jonathan Tah,ZG,Leverkusen
Jonathan Clauss,ZG.LT,Nice
Brais Méndez,LT,Real Sociedad
Carlos Baleba,LT,Brighton
Carlos Augusto,ZG,Inter
Carles Pérez,LT.AT,Getafe
Tanguy Coulibaly,AT.LT,Montpellier
Aleix García,LT,Leverkusen
Nathaniel Brown,ZG.LT,Eint Frankfurt
Mohamed Ali Cho,AT.LT,Nice
Mitchel Bakker,AT.ZG,Lille
Jurgen Ekkelenkamp,LT,Udinese
Randy Nteka,AT,Rayo Vallecano
Mario Pašalić,LT,Atalanta
Mario Götze,LT.AT,Eint Frankfurt
Stefan de Vrij,ZG,Inter
Sinaly Diomande,ZG,Auxerre
Charlie Cresswell,ZG,Toulouse
Hugo Larsson,LT,Eint Frankfurt
Hernani,LT,Parma
Gvidas Gineitis,LT,Torino
Giovanni Di Lorenzo,ZG,Napoli
Paul Wanner,LT.AT,Heidenheim
Patrick Wimmer,LT.AT,Wolfsburg
Patrick Dorgu,ZG.AT,Lecce
Pape Matar Sarr,LT,Tottenham
Kevin Stöger,LT,Gladbach
Kenny Lala,ZG,Brest
Samuele Birindelli,ZG.LT,Monza
Samuel Lino,LT.ZG,Atlético Madrid
Romain Faivre,LT.AT,Brest
Benjamín Domínguez,AT,Bologna
Aitor Paredes,ZG,Athletic Club
Teun Koopmeiners,LT.AT,Juventus
Tete Morente,AT.LT,Lecce
Gianluca Caprari,LT.AT,Monza
Gaetano Oristanio,AT.LT,Venezia
Gabriel Magalhães,ZG,Arsenal
Conor Gallagher,LT,Atlético Madrid
Francisco Conceição,AT.LT,Juventus
Fisayo Dele-Bashiru,LT.AT,Lazio
Oladapo Afolayan,AT.LT,St. Pauli
Nicolò Barella,LT,Inter
Nicolás Tagliafico,ZG,Lyon
Nicolás González,AT.LT,Juventus
Nicolas Viola,AT.LT,Cagliari
Nicolas Pépé,AT.LT,Villarreal
Pedro Díaz,LT,Rayo Vallecano
Marash Kumbulla,ZG,Espanyol
Léo Scienza,AT.LT,Heidenheim
Lucas Da Cunha,LT,Como
Lorenz Assignon,ZG.LT,Rennes
Leandro Paredes,LT,Roma
Koni De Winter,ZG,Genoa
Ko Itakura,ZG,Gladbach
Kike Salas,ZG,Sevilla
Curtis Jones,LT.ZG,Liverpool
Felix Agu,ZG,Werder Bremen
Fabio Miretti,LT.AT,Genoa
Adrien Thomasson,LT,Lens
Valentin Rongier,LT.ZG,Marseille
Unai López,LT,Rayo Vallecano
Trent Alexander-Arnold,ZG,Liverpool
Tom Rothe,ZG.LT,Union Berlin
Daniel Parejo,LT,Villarreal
Rodrigo De Paul,LT,Atlético Madrid
Robin Koch,ZG,Eint Frankfurt
Lucas Torró,LT,Osasuna
Marcus Tavernier,AT.LT,Bournemouth
Marcos Alonso,ZG,Celta Vigo
Marc Guéhi,ZG,Crystal Palace
Ernest Nuamah,AT.LT,Lyon
Emre Can,ZG.LT,Dortmund
Abdoulaye Doucouré,LT,Everton
Pablo Rosario,LT.ZG,Nice
Omari Hutchinson,LT.AT,Ipswich Town
Álex Muñoz,ZG,Las Palmas
Youri Tielemans,LT,Aston Villa
Youssouf Ndayishimiye,ZG,Nice
Yves Bissouma,LT,Tottenham
Zito Luvumbo,AT.LT,Cagliari
Álex Grimaldo,ZG,Leverkusen
Yassine Kechta,LT.AT,Le Havre
Abdul Mumin,ZG,Rayo Vallecano
Abel,ZG,Osasuna
Darko Lazović,ZG.LT,Hellas Verona
David Neres,AT,Napoli
William Saliba,ZG,Arsenal
Jules Koundé,ZG,Barcelona
Julian Ryerson,ZG,Dortmund
Keinan Davis,AT,Udinese
Kristjan Asllani,LT,Inter
Kim Min-jae,ZG,Bayern Munich
Ladislav Krejčí,ZG,Girona
Lamine Camara,LT,Monaco
Denis Vavro,ZG,Wolfsburg
Derrick Köhn,ZG.AT,Werder Bremen
Dayot Upamecano,ZG,Bayern Munich
Viktor Tsyhankov,AT.LT,Girona
Vitinha,AT.LT,Genoa
Yasin Ayari,LT,Brighton
Adama Traoré,AT.LT,Fulham
Lasse Rosenboom,ZG,Holstein Kiel
Konrad Laimer,ZG,Bayern Munich
Johann Lepenant,LT,Nantes
Leopold Querfeld,ZG,Union Berlin
Diego Moreira,ZG.LT,Strasbourg
Weston McKennie,LT.ZG,Juventus
Levi Colwill,ZG,Chelsea
Jesus Rodríguez,AT,Betis
Liberato Cacace,LT.ZG,Empoli
Lisandro Martínez,ZG,Manchester Utd
Diego Coppola,ZG,Hellas Verona
Tuta,ZG.LT,Eint Frankfurt
Tyler Dibling,AT.LT,Southampton
Waldemar Anton,ZG,Dortmund
Adrien Truffert,ZG.LT,Rennes
Diego Llorente,ZG,Betis
Logan Costa,ZG,Villarreal
Lorenzo Pellegrini,LT,Roma
Jean-Eudes Aholou,LT,Angers
Jean-Ricner Bellegarde,LT.AT,Wolves
Javi Hernández,ZG,Leganés
Manu Koné,LT,Roma
Dominik Kohr,ZG.LT,Mainz 05
Donny van de Beek,LT,Girona
Téji Savanier,LT,Montpellier
Ulisses Garcia,ZG,Marseille
Djibril Sow,LT,Sevilla
Javi Sánchez,ZG,Valladolid
Jamie Leweling,LT.AT,Stuttgart
Jan Bednarek,ZG,Southampton
Luka Modrić,LT,Real Madrid
Atakan Karazor,LT,Stuttgart
Manuel Locatelli,LT,Juventus
Marc Bartra,ZG,Betis
Tommaso Pobega,LT,Bologna
Thomas Meunier,ZG,Lille
Jake O'Brien,ZG,Everton
Manolis Saliakas,LT.ZG,St. Pauli
Marcos Llorente,ZG.LT,Atlético Madrid
Elliot Anderson,LT,Nott'ham Forest
Strahinja Pavlović,ZG,Milan
Suat Serdar,LT,Hellas Verona
James Justin,ZG,Leicester City
Jackson Tchatchoua,ZG.LT,Hellas Verona
Arnaut Danjuma,AT.LT,Girona
Aron Dønnum,ZG.LT,Toulouse
Marquinhos,ZG,Paris S-G
Mateus Fernandes,LT,Southampton
Martín Zubimendi,LT,Real Sociedad
Takuma Asano,AT.LT,Mallorca
Carlo Boukhalfa,LT,St. Pauli
Carlos Martín,AT.LT,Alavés
Carlos Romero,ZG,Espanyol
Matthijs de Ligt,ZG,Manchester Utd
Arnau Martinez,ZG.LT,Girona
Matt Doherty,ZG,Wolves
Mathias Pereira Lage,AT.LT,Brest
Enzo Boyomo,ZG,Osasuna
Sergi Darder,LT.AT,Mallorca
Sergio Akieme,ZG,Reims
Sergio Gómez,LT.ZG,Real Sociedad
Emanuele Valeri,ZG,Parma
Emerson Palmieri,ZG,West Ham
Matt O'Riley,LT,Brighton
Matteo Gabbia,ZG,Milan
Matthias Ginter,ZG,Freiburg
Eric Dier,ZG,Bayern Munich
Eric García,ZG.LT,Barcelona
Emmanuel Gyasi,ZG.AT,Empoli
Sandi Lovrić,LT,Udinese
Alessandro Deiola,LT,Cagliari
Sheraldo Becker,AT.LT,Real Sociedad
Maximilian Eggestein,LT,Freiburg
Melvin Bard,ZG.LT,Nice
Mikel Jauregizar,LT,Athletic Club
Mikkel Damsgaard,LT.AT,Brentford
Antonio Raillo,ZG,Mallorca
Antonio Sanabria,AT,Torino
Anuar,LT.AT,Valladolid
Antoine Hainaut,ZG.AT,Parma
Milos Kerkez,ZG,Bournemouth
Modibo Sagnan,ZG,Montpellier
Danel Sinani,AT.LT,St. Pauli
Ethan Pinnock,ZG,Brentford
Ryan Christie,LT,Bournemouth
Ryan Yates,LT,Nott'ham Forest
Sergi,ZG,Leganés
Ezri Konsa,ZG,Aston Villa
Saúl Coco,ZG,Torino
Alessio Romagnoli,ZG,Lazio
Ibrahima Sissoko,LT,Bochum
Mikael Ellertsson,ZG.LT,Venezia
Nahuel Tenaglia,ZG,Alavés
Morten Frendrup,LT,Genoa
Murillo,ZG,Nott'ham Forest
Hicham Boudaoui,LT,Nice
Nathan Collins,ZG,Brentford
Nathan Tella,LT.AT,Leverkusen
Nicolò Savona,ZG,Juventus
Federico Baschirotto,ZG,Lecce
Rocco Reitz,LT,Gladbach
Rodrigo Bentancur,LT,Tottenham
Romain Perraud,ZG,Betis
Chris Führich,LT.AT,Stuttgart
Angeliño,ZG,Roma
Robert Andrich,LT.ZG,Leverkusen
César Tárrega,ZG,Valencia
Farid El Melali,AT,Angers
Faustino Anjorin,LT,Empoli
Giorgos Kyriakopoulos,ZG,Monza
Niklas Dorsch,LT,Heidenheim
Ola Aina,ZG,Nott'ham Forest
Giuliano Simeone,LT,Atlético Madrid
Granit Xhaka,LT,Leverkusen
Christian Günter,ZG,Freiburg
Andreas Pereira,LT,Fulham
Andrei Ratiu,ZG,Rayo Vallecano
Christoph Baumgartner,LT,RB Leipzig
Pablo Fornals,LT.AT,Betis
Andrea Colpani,AT.LT,Fiorentina
Gerrit Holtmann,ZG.AT,Bochum
Florian Tardieu,LT,Saint-Étienne
Fran Beltrán,LT,Celta Vigo
Finn Porath,ZG.LT,Holstein Kiel
Gianluca Busio,LT,Venezia
Gianluca Mancini,ZG,Roma
Gabriel Gudmundsson,ZG,Lille
Pavel Kadeřábek,ZG,Hoffenheim
Gabriele Zappa,ZG,Cagliari
Gautier Lloris,ZG,Le Havre
Clément Lenglet,ZG,Atlético Madrid
Pedro Porro,ZG,Tottenham
Florian Lejeune,ZG,Rayo Vallecano
Anass Zaroury,AT.LT,Lens
Andrea Cambiaso,ZG.AT,Juventus
Piero Hincapié,ZG,Leverkusen
Pierre Højbjerg,LT,Marseille
Pierre Lees-Melou,LT,Brest
Junior Adamu,AT,Freiburg
Bilal El Khannouss,LT.AT,Leicester City
José Luis García Vayá,LT,Valencia
Jordan Veretout,LT,Lyon
Abde Ezzalzouli,AT.LT,Betis
Aaron Wan-Bissaka,ZG,West Ham
Adam Armstrong,AT.LT,Southampton
Youssouf Fofana,LT,Milan
David López,ZG,Girona
Beñat Prados,LT,Athletic Club
Bertuğ Yıldırım,AT,Getafe
Jordan Zemura,ZG,Udinese
Yannick Gerhardt,LT.ZG,Wolfsburg
Benjamin Bouchouari,LT,Saint-Étienne
Berat Djimsiti,ZG,Atalanta
Adri Embarba,AT.LT,Rayo Vallecano
Dario Essugo,LT,Las Palmas
Darko Brašanac,LT,Leganés
Pervis Estupiñán,ZG,Brighton
Philipp Lienhart,ZG,Freiburg
Philipp Sander,LT,Gladbach
Amir Rrahmani,ZG,Napoli
Pietro Comuzzo,ZG,Fiorentina
Pedro Pereira,ZG,Monza
Ramy Bensebaini,ZG,Dortmund
Florent Hanin,ZG,Angers
Christian Eriksen,LT,Manchester Utd
Andreas Hanche-Olsen,ZG,Mainz 05
Patrizio Masini,LT,Genoa
Pablo Marín,LT,Real Sociedad
Gabriel Osho,ZG,Auxerre
Patrick Ciurria,LT.ZG,Monza
Pablo Barrios,LT,Atlético Madrid
Patrick Mainka,ZG,Heidenheim
Patrick Osterhage,LT,Freiburg
Florian Sotoca,AT.LT,Lens
Flynn Downes,LT,Southampton
Quentin Merlin,ZG,Marseille
Rabby Nzingoula,LT,Montpellier
Remo Freuler,LT,Bologna
Renato Tapia,LT.ZG,Leganés
Rani Khedira,LT,Union Berlin
Roberto Navarro,LT.AT,Mallorca
Rico Lewis,ZG.LT,Manchester City
Ridgeciano Haps,ZG,Venezia
Ondrej Duda,LT,Hellas Verona
Nnamdi Collins,ZG,Eint Frankfurt
Omar Alderete,ZG,Getafe
András Schäfer,LT,Union Berlin
Pablo Ibáñez,LT,Osasuna
Omar Mascarell,LT,Mallorca
Andy Diouf,LT,Lens
Nuno Mendes,ZG,Paris S-G
Guela Doué,ZG,Strasbourg
Cristhian Mosquera,ZG,Valencia
Cristian Cásseres Jr.,LT,Toulouse
Guillermo Maripán,ZG,Torino
Federico Gatti,ZG,Juventus
Felix Passlack,ZG.LT,Bochum
Alexsandro Ribeiro,ZG,Lille
Alieu Fadera,AT.ZG,Como
Nemanja Gudelj,LT.ZG,Sevilla
Chris Richards,ZG,Crystal Palace
Chrislain Matsima,ZG,Augsburg
Angelo Fulgini,LT.AT,Lens
Angelo Stiller,LT,Stuttgart
Anthony Caci,ZG,Mainz 05
Natan,ZG,Betis
Harry Maguire,ZG,Manchester Utd
Hassane Kamara,ZG,Udinese
Neco Williams,ZG,Nott'ham Forest
Myles Lewis-Skelly,ZG,Arsenal
Nico Elvedi,ZG,Gladbach
Nicolas Cozza,ZG.LT,Nantes
Miguel,AT,Leganés
Miguel Gutiérrez,ZG.LT,Girona
Ibrahima Konaté,ZG,Liverpool
Henrikh Mkhitaryan,LT,Inter
Moisés Caicedo,LT.ZG,Chelsea
Hugo Magnetti,LT,Brest
Dan Burn,ZG,Newcastle Utd
Sam Morsy,LT,Ipswich Town
Sebastiano Luperto,ZG,Cagliari
Robin Le Normand,ZG,Atlético Madrid
Exequiel Palacios,LT,Leverkusen
Saúl Ñíguez,LT,Sevilla
Alessandro Zanoli,AT.ZG,Genoa
Maximilian Mittelstädt,ZG,Stuttgart
Milan Badelj,LT,Genoa
Ilaix Moriba,LT,Celta Vigo
Mickael Nade,ZG,Saint-Étienne
Michael Amir Murillo,ZG,Marseille
Anton Stach,LT.ZG,Hoffenheim
Michel Ndary Adopo,LT,Cagliari
Catena,ZG,Osasuna
Eric Smith,ZG.LT,St. Pauli
Samuele Ricci,LT,Torino
Alessandro Buongiorno,ZG,Napoli
Sergi Cardona,ZG,Villarreal
Max Rosenfelder,ZG,Freiburg
Enzo Barrenechea,LT,Valencia
Elvis Rexhbeçaj,LT,Augsburg
Aleksandar Pavlovic,LT,Bayern Munich
Maxence Lacroix,ZG,Crystal Palace
Ismaël Doukouré,ZG.LT,Strasbourg
Casemiro,LT,Manchester Utd
Carlos Soler,LT.AT,West Ham
Armando Izzo,ZG,Monza
Iván Martín,LT,Girona
Matija Nastasić,ZG,Leganés
Mattia Viti,ZG,Empoli
Matty Cash,ZG,Aston Villa
Mattéo Guendouzi,LT,Lazio
Mario Gila,ZG,Lazio
Matheus Nunes,ZG.LT,Manchester City
Martín Payero,LT,Udinese
Emil Holm,ZG,Bologna
Edoardo Goldaniga,ZG,Como
Alessandro Bastoni,ZG,Inter
Alessandro Bianco,LT,Monza
Sávio,AT.LT,Manchester City
Alberto Grassi,LT,Empoli
James Tarkowski,ZG,Everton
Ashley Young,ZG,Everton
Arthur Chaves,ZG,Hoffenheim
Jacob Greaves,ZG,Ipswich Town
Jacob Ramsey,AT.LT,Aston Villa
Jaka Bijol,ZG,Udinese
Jack Harrison,AT,Everton
Marius Wolf,ZG,Augsburg
Mark McKenzie,ZG,Toulouse
Marcos André,AT,Valladolid
Elisha Owusu,LT,Auxerre
Ellyes Skhiri,LT,Eint Frankfurt
Sorba Thomas,AT.LT,Nantes
Taylor Harwood-Bellis,ZG,Southampton
Thomas Kristensen,ZG,Udinese
Marcel Sabitzer,LT,Dortmund
Manuel Ugarte Ribeiro,LT,Manchester Utd
Marc Casado,LT,Barcelona
Domagoj Bradarić,ZG,Hellas Verona
Tanner Tessmann,LT,Lyon
Ainsley Maitland-Niles,ZG,Lyon
Aitor Ruibal,ZG.AT,Betis
Jan Paul van Hecke,ZG,Brighton
Jakov Medić,ZG,Bochum
Manu Sánchez,ZG,Alavés
Domingos Duarte,ZG,Getafe
Dylan Batubinsika,ZG,Saint-Étienne
Djed Spence,ZG,Tottenham
Javier Muñoz,LT.ZG,Las Palmas
Jay Idzes,ZG,Venezia
Jeremie Boga,LT.AT,Nice
Luka Sučić,LT,Real Sociedad
Lukas Klostermann,ZG,RB Leipzig
Lukas Ullrich,ZG,Gladbach
Lutsharel Geertruida,ZG,RB Leipzig
Jeffrey Gouweleeuw,ZG,Augsburg
Jens Cajuste,LT,Ipswich Town
Luis Milla,LT,Getafe
Lucas Vázquez,ZG,Real Madrid
Lucien Agoume,LT,Sevilla
Luca Ranieri,ZG,Fiorentina
Lucas Beraldo,ZG,Paris S-G
Tosin Adarabioyo,ZG,Chelsea
Timothee Pembele,ZG,Le Havre
Adrian Bernabe,LT,Parma
Adrià Pedrosa,ZG,Sevilla
Valentin Atangana Edoa,LT,Reims
Calvin Bassey,ZG,Fulham
Carl Starfelt,ZG,Celta Vigo
Lesley Ugochukwu,LT,Southampton
Lautaro Valenti,ZG,Parma
Brendan Chardonnet,ZG,Brest
Bryan Zaragoza,AT.LT,Osasuna
Loïc Bade,ZG,Sevilla
Lewis Cook,LT.ZG,Bournemouth
Leif Davis,ZG,Ipswich Town
Leon Bailey,AT.LT,Aston Villa
Leonardo Spinazzola,ZG.AT,Napoli
Dimitris Giannoulis,ZG,Augsburg
Diogo Leite,ZG,Union Berlin
Deiver Machado,ZG.LT,Lens
Valentin Gendrey,ZG,Hoffenheim
Valentin Rosier,ZG,Leganés
Vanderson,ZG,Monaco
Wout Faes,ZG,Leicester City
Warren Zaïre-Emery,LT.ZG,Paris S-G
Wilfried Singo,ZG,Monaco
Azor Matusiwa,LT,Rennes
Danilho Doekhi,ZG,Union Berlin
Vitaliy Mykolenko,ZG,Everton
Vitaly Janelt,LT,Brentford
Yannik Engelhardt,LT.ZG,Como
Yassin Belkhdim,LT,Angers
Adam Masina,ZG,Torino
Adam Obert,ZG,Cagliari
Lassana Coulibaly,LT,Lecce
Koke,LT,Atlético Madrid
Johan Mojica,ZG,Mallorca
Keane Lewis-Potter,ZG.AT,Brentford
Kelvin Amian,ZG,Nantes
Kamaldeen Sulemana,AT.LT,Southampton
John McGinn,LT.AT,Aston Villa
Jon Aramburu,ZG,Real Sociedad
Jim Allevinah,AT,Angers
Boubacar Kamara,LT,Aston Villa
Kilian Fischer,ZG,Wolfsburg
Jorge Sáenz,ZG,Leganés
Joris Chotard,LT,Montpellier
Joseph Okumu,ZG,Reims
Josha Vagnoman,ZG.LT,Stuttgart
Jurriën Timber,ZG,Arsenal
Ben Johnson,ZG.AT,Ipswich Town
Bence Dárdai,LT,Wolfsburg
Kevin Kampl,LT,RB Leipzig
Ki-Jana Hoever,ZG,Auxerre
Yvan Neyou,LT,Leganés
Abakar Sylla,ZG,Strasbourg
David Raum,ZG,RB Leipzig
İlkay Gündoğan,LT,Manchester City
Abdoulaye Niakhate Ndiaye,ZG,Brest
Yukinari Sugawara,ZG.LT,Southampton
Karol Linetty,LT,Torino
Conor Coady,ZG,Leicester City
Francesco Zampano,ZG,Venezia
Phillipp Mwene,ZG,Mainz 05
Pierre Ekwah Elimby,LT,Saint-Étienne
Pierre Kalulu,ZG,Juventus
Óscar Rodríguez Arnaiz,LT.AT,Leganés
Yeray Álvarez,ZG,Athletic Club
Yerry Mina,ZG,Cagliari
Ylber Ramadani,LT,Lecce
Abdel Abqar,ZG,Alavés
Youssouf Sabaly,ZG,Betis
Yunus Musah,LT.AT,Milan
Yuri Berchiche,ZG,Athletic Club
Joël Veltman,ZG,Brighton
Juan Cruz Armada,ZG,Osasuna
Juan Miranda,ZG,Bologna
José Luis Gayà,ZG,Valencia
José María Giménez,ZG,Atlético Madrid
Billy Gilmour,LT,Napoli
Julian Weigl,LT,Gladbach
Beñat Turrientes,LT,Real Sociedad
José Campaña,LT,Las Palmas
Benjamin André,LT,Lille
Benjamin Pavard,ZG,Inter
Bernardo,ZG,Bochum
Kenny Tete,ZG,Fulham
Kevin Akpoguma,ZG,Hoffenheim
Kaishu Sano,LT,Mainz 05
Khalil Fayad,LT.AT,Montpellier
Kialonda,ZG,Lecce
Jonathan Gradit,ZG,Lens
Jordan Ferri,LT,Montpellier
Jordan James,LT,Rennes
Jordan Lefort,ZG,Angers
Jonas Föhrenbach,ZG,Heidenheim
Kirian Rodríguez,LT,Las Palmas
Kobbie Mainoo,LT,Manchester Utd
Benedikt Gimber,ZG,Heidenheim
Kieran Trippier,ZG,Newcastle Utd
Kristijan Jakić,LT,Augsburg
Kristoffer Ajer,ZG,Brentford
Kyle Walker-Peters,ZG,Southampton
Kiko Femenía,ZG,Villarreal
Kingsley Ehizibue,ZG,Udinese
Joachim Andersen,ZG,Fulham
Botond Balogh,ZG,Parma
Boubakary Soumaré,LT,Leicester City
Joe Scally,ZG,Gladbach
Konstantinos Koulierakis,ZG,Wolfsburg
Konstantinos Mavropanos,ZG,West Ham
Kévin Danois,LT,Auxerre
Jon Moncayola,LT,Osasuna
Jesper Karlström,LT,Udinese
Ayyoub Bouaddi,LT,Lille
Aïssa Mandi,ZG,Lille
Balthazar Pierret,LT,Lecce
Becir Omeragic,ZG,Montpellier
Lilian Raolisoa,ZG.AT,Angers
Leny Yoro,ZG,Manchester Utd
Leonardo Balerdi,ZG,Marseille
Lewis Dunk,ZG,Brighton
Jesper Lindstrøm,AT,Everton
Jesús Areso,ZG,Osasuna
Jhon Lucumí,ZG,Bologna
Lewis Hall,ZG,Newcastle Utd
Lewis Holtby,LT,Holstein Kiel
Liam Henderson,LT,Empoli
Carlens Arcus,ZG,Angers
Jean-Charles Castelletto,ZG.LT,Nantes
Jean-Clair Todibo,ZG,West Ham
Loïc Nego,ZG.AT,Le Havre
Luca Pellegrini,ZG,Lazio
Lucas Bergvall,LT,Tottenham
Lucas Digne,ZG,Aston Villa
Luis Pérez,ZG,Valladolid
Lucas Oliveira Rosa,ZG,Valladolid
Aurélien Tchouaméni,ZG.LT,Real Madrid
Aurélio Buta,ZG,Reims
Jefferson Lerma,LT.ZG,Crystal Palace
Caio Henrique Oliveira Silva,ZG,Monaco
Javi López,ZG,Real Sociedad
Axel Tuanzebe,ZG,Ipswich Town
Manuel Akanji,ZG,Manchester City
Léo Pétrot,ZG,Saint-Étienne
Magnus Knudsen,LT,Holstein Kiel
Malang Sarr,ZG,Lens
Janik Haberer,LT.ZG,Union Berlin
Jarrad Branthwaite,ZG,Everton
Javi Galán,ZG,Atlético Madrid
Jakub Kamiński,ZG.LT,Wolfsburg
Mamadou Sarr,ZG,Strasbourg
Mandela Keita,LT,Parma
Manu Morlanes,LT,Mallorca
Manuel Lazzari,ZG,Lazio
Marc-Oliver Kempf,ZG,Como
Arthur Theate,ZG,Eint Frankfurt
Malick Thiaw,ZG,Milan
Malo Gusto,ZG,Chelsea
James Garner,LT.ZG,Everton
Marco Friedl,ZG,Werder Bremen
Marcus Coco,ZG,Nantes
Marcus Pedersen,ZG,Torino
Arthur Vermeeren,LT,RB Leipzig
Mario Martín,LT,Valladolid
Jackson Irvine,LT,St. Pauli
Arthur Atta,LT.AT,Udinese
Marko Ivezić,ZG,Holstein Kiel
Marnon Busch,ZG.LT,Heidenheim
Marin Pongračić,ZG,Fiorentina
Marvin,ZG.AT,Las Palmas
Marvin Friedrich,ZG,Gladbach
Mathías Olivera,ZG,Napoli
Ardian Ismajli,ZG,Empoli
Massadio Haïdara,ZG,Brest
Iván Balliu,ZG,Rayo Vallecano
Iñigo Martínez,ZG,Barcelona
Iñigo Ruiz de Galarreta,LT,Athletic Club
Isak Hien,ZG,Atalanta
Aritz Elustondo,ZG,Real Sociedad
Ivan Ordets,ZG,Bochum
Issa Diop,ZG,Fulham
Castello Lukeba,ZG,RB Leipzig
Matteo Ruggeri,ZG,Atalanta
Mattia Bani,ZG,Genoa
Mattia Felici,LT.AT,Cagliari
Max Kilman,ZG,West Ham
Illia Zabarnyi,ZG,Bournemouth
Maximilian Wittek,ZG,Bochum
Archie Gray,ZG.LT,Tottenham
Igor Zubeldia,ZG,Real Sociedad
Carmona,ZG,Sevilla
Antonio Rüdiger,ZG,Real Madrid
Idrissa Gana Gueye,LT,Everton
Iglesias,ZG,Getafe
Ignace Van Der Brempt,ZG,Como
Mika Mármol,ZG,Las Palmas
Antonino Gallo,ZG,Lecce
Antonio Blanco,LT,Alavés
Hugo Sotelo,LT,Celta Vigo
Hans Hateboer,ZG,Rennes
Haris Belkebla,LT,Angers
Anthony Losilla,LT,Bochum
Antoine Makoumbou,LT,Cagliari
Antonee Robinson,ZG,Fulham
Morten Thorsby,LT.AT,Genoa
Moussa Diarra,ZG,Alavés
Moussa Niakhate,ZG,Lyon
Moïse Bombito,ZG,Nice
Nayef Aguerd,ZG,Real Sociedad
Máximo Perrone,LT,Como
Nahuel Molina,ZG,Atlético Madrid
Harry Winks,LT,Leicester City
Hauke Wahl,ZG,St. Pauli
Anthony Jung,ZG,Werder Bremen
Nemanja Matić,LT,Lyon
Ngal'Ayel Mukau,LT,Lille
Nicolò Rovella,LT,Lazio
Nhoa Sangui,ZG.LT,Reims
Nico Schlotterbeck,ZG,Dortmund
Nicolai Remberg,LT,Holstein Kiel
Nikola Moro,LT,Bologna
Nicolas Pallois,ZG,Nantes
Nicolas Seiwald,LT.ZG,RB Leipzig
Nicolás Domínguez,LT.AT,Nott'ham Forest
Guido Rodríguez,LT,West Ham
Niklas Stark,ZG,Werder Bremen
Obite N'Dicka,ZG,Roma
Noussair Mazraoui,ZG,Manchester Utd
Nuno Tavares,ZG,Lazio
Nélson Semedo,ZG,Wolves
André,LT,Wolves
Giuseppe Pezzella,ZG.AT,Empoli
André Gomes,LT,Lille
Oliver Skipp,LT,Leicester City
Omar El Hilali,ZG,Espanyol
Omar Traoré,ZG,Heidenheim
Christian Mawissa,ZG,Monaco
Christopher Trimmel,ZG.LT,Union Berlin
Christopher Wooh,ZG,Rennes
Gideon Mensah,ZG,Auxerre
Geoffrey Kondogbia,ZG.LT,Marseille
Oriol Romeu,LT,Girona
Andrea Carboni,ZG,Monza
Andrew Robertson,ZG,Liverpool
Pablo Maffeo,ZG,Mallorca
Gabriel Suazo,ZG,Toulouse
Pascal Groß,LT.ZG,Dortmund
Andoni Gorosabel,ZG,Athletic Club
Paweł Dawidowicz,ZG.LT,Hellas Verona
Pedro Chirivella,LT,Nantes
Pau Cubarsí,ZG,Barcelona
Pau Torres,ZG,Aston Villa
Clinton Mata,ZG,Lyon
Clément Akpa,ZG,Auxerre
Amos Pieper,ZG,Werder Bremen
Ander Guevara,LT,Alavés
Frederic Guilbert,ZG,Lecce
Pep Chavarría,ZG.AT,Rayo Vallecano
Philipp Treu,LT.ZG,St. Pauli
Frank Onyeka,LT,Augsburg
Fran Garcia,ZG,Real Madrid
Francesco Acerbi,ZG,Inter
Fikayo Tomori,ZG,Milan
Reda Belahyane,LT,Hellas Verona
Ramon Hendriks,ZG,Stuttgart
Amadou Haidara,LT,RB Leipzig
Amadou Koné,LT,Reims
Pol Lozano,LT,Espanyol
Raoul Bellanova,ZG,Atalanta
Raúl Asencio,ZG,Real Madrid
Copete,ZG,Mallorca
Alexander Prass,ZG,Hoffenheim
Daichi Kamada,LT,Crystal Palace
Etienne Youte Kinkoue,ZG,Le Havre
Facundo Medina,ZG,Lens
Sam Beukema,ZG,Bologna
Samu Costa,LT,Mallorca
Ryan Gravenberch,LT,Liverpool
Ryan Manning,ZG.LT,Southampton
Saba Goglichidze,ZG,Empoli
Daley Blind,ZG,Girona
Enzo Tchato,ZG,Montpellier
Eray Cömert,ZG.LT,Valladolid
Alex Král,LT,Espanyol
Rúben Dias,ZG,Manchester City
Cédric Kipré,ZG,Reims
Sander Berge,LT,Fulham
Santiago Bueno,ZG,Wolves
Santiago Mouriño,ZG,Alavés
Saša Lukić,LT,Fulham
Sergio Carreira,LT.ZG,Celta Vigo
Scott McKenna,ZG,Las Palmas
Sead Kolašinac,ZG,Atalanta
Sebastian Walukiewicz,ZG,Torino
Senne Lynen,LT,Werder Bremen
Sepp van den Berg,ZG,Brentford
Eren Dinkçi,LT.AT,Freiburg
Sergi Altimira,LT,Betis
Edson Álvarez,LT,West Ham
Soungoutou Magassa,LT,Monaco
Stanislav Lobotka,LT,Napoli
Stanko Jurić,LT,Valladolid
Stanley N'Soki,ZG,Hoffenheim
El Chadaille Bitshiabu,ZG,RB Leipzig
Stefano Sabelli,ZG,Genoa
Alejandro Jiménez,ZG.AT,Milan
Alberto Dossena,ZG,Como
Alberto Moreno,ZG,Como
Dani Ceballos,LT,Real Madrid
Edmond Tapsoba,ZG,Leverkusen
Dodô,ZG,Fiorentina
Alejandro Balde,ZG,Barcelona
Tim Oermann,ZG,Bochum
Djené,ZG.LT,Getafe
Djibril Sidibé,ZG,Toulouse
Aimen Moueffek,LT,Saint-Étienne
Albert Sambi Lokonga,LT,Sevilla
Timo Becker,ZG,Holstein Kiel
Domingos André Ribeiro Almeida,LT.AT,Valencia
Tomáš Suslov,LT.AT,Hellas Verona
Toti Gomes,ZG,Wolves
Tyler Adams,LT,Bournemouth
Timothy Castagne,ZG,Fulham
Tommaso Augello,ZG,Cagliari
Daniele Ghilardi,ZG,Hellas Verona
Tyrick Mitchell,ZG,Crystal Palace
Diego Rico,ZG,Getafe
Dimitri Foulquier,ZG,Valencia
Diogo Dalot,ZG,Manchester Utd
Valentin Mihaila,AT.LT,Parma
Valentino Lazaro,ZG.AT,Torino
Valentino Livramento,ZG,Newcastle Utd
Adrià Altimira,ZG.AT,Leganés
Aihen Muñoz,ZG,Real Sociedad
Victor Bernth Kristiansen,ZG,Leicester City
Dennis Appiah,ZG,Saint-Étienne
Derek Cornelius,ZG,Marseille
Destiny Udogie,ZG,Tottenham
Viti,ZG,Las Palmas
Vladimír Coufal,ZG,West Ham
Warren Bondo,LT,Monza
Wilfred Ndidi,LT,Leicester City
Danilo D'Ambrosio,ZG,Monza
Danny da Costa,ZG,Mainz 05
Dante,ZG,Nice
Dara O'Shea,ZG,Ipswich Town
David Nemeth,ZG,St. Pauli
Willian Pacho,ZG,Paris S-G
Adam Smith,ZG,Bournemouth
Adam Wharton,LT,Crystal Palace
Will Hughes,LT,Crystal Palace
Yehor Yarmoliuk,LT,Brentford
Óscar Valentín,LT,Rayo Vallecano
Youssef Maleh,LT,Empoli
Óscar de Marcos,ZG,Athletic Club
Álex Suárez,ZG,Las Palmas
Þórir Jóhann Helgason,LT,Lecce
Aarón Martín,ZG,Genoa
Zeki Çelik,ZG,Roma
